set names utf8mb4;

delete from quiz_option where question_id between 10001 and 10100;

insert into quiz(id, title, description, question_count, time_limit, status, create_time, update_time) values
(1001, '核辐射基础知识测验', '测试核辐射类型、单位和基础防护知识。', 10, 15, 1, now(), now()),
(1002, '核电站安全知识测验', '检验核电站工作原理、安全屏障和事故认知。', 10, 15, 1, now(), now()),
(1003, '核技术应用测验', '了解核技术在医学、工业和能源中的应用。', 10, 15, 1, now(), now()),
(1004, '辐射防护实用测验', '围绕时间、距离、屏蔽和个人防护展开练习。', 10, 15, 1, now(), now()),
(1005, '核燃料循环测验', '覆盖铀矿、燃料制造、反应堆使用和乏燃料管理。', 10, 15, 1, now(), now()),
(1006, '核安全与应急测验', '测试核事故分级、应急响应和公众防护知识。', 10, 15, 1, now(), now()),
(1007, '反应堆物理入门测验', '面向中子、临界、慢化和反应性等基础概念。', 10, 15, 1, now(), now()),
(1008, '核电设备与系统测验', '识别核电站主要系统、设备和功能。', 10, 15, 1, now(), now()),
(1009, '环境与公众沟通测验', '关注环境监测、公众风险认知和信息沟通。', 10, 15, 1, now(), now()),
(1010, '综合进阶测验', '综合考察核能、辐射、防护和安全管理。', 10, 15, 1, now(), now())
on duplicate key update title = values(title), description = values(description), question_count = values(question_count), time_limit = values(time_limit), status = values(status), update_time = now();

insert into quiz_question(id, quiz_id, title, question_type, answer, explanation, sort, status, create_time, update_time) values
(10001, 1001, '关于[α射线]，下列说法正确的是？', 'single', 'A', 'α射线由氦原子核组成，穿透力较弱但电离能力较强。', 1, 1, now(), now()),
(10002, 1001, '关于[β射线]，下列说法正确的是？', 'single', 'A', 'β射线本质上是高速电子或正电子，穿透力强于α射线。', 2, 1, now(), now()),
(10003, 1001, '关于[γ射线]，下列说法正确的是？', 'single', 'A', 'γ射线是高能电磁波，通常需要铅、混凝土等材料屏蔽。', 3, 1, now(), now()),
(10004, 1001, '关于[中子辐射]，下列说法正确的是？', 'single', 'A', '中子不带电，穿透能力较强，常用含氢材料慢化。', 4, 1, now(), now()),
(10005, 1001, '关于[电离辐射]，下列说法正确的是？', 'single', 'A', '电离辐射能使物质原子或分子发生电离。', 5, 1, now(), now()),
(10006, 1001, '关于[非电离辐射]，下列说法正确的是？', 'single', 'A', '可见光和无线电波通常属于非电离辐射。', 6, 1, now(), now()),
(10007, 1001, '关于[贝可勒尔]，下列说法正确的是？', 'single', 'A', '贝可勒尔用于表示放射性活度，即单位时间衰变次数。', 7, 1, now(), now()),
(10008, 1001, '关于[希沃特]，下列说法正确的是？', 'single', 'A', '希沃特用于描述辐射对人体造成的生物效应。', 8, 1, now(), now()),
(10009, 1001, '关于[天然本底辐射]，下列说法正确的是？', 'single', 'A', '天然本底辐射来自宇宙射线、土壤和人体内部核素等。', 9, 1, now(), now()),
(10010, 1001, '关于[半衰期]，下列说法正确的是？', 'single', 'A', '半衰期是放射性核素数量衰减到原来一半所需的时间。', 10, 1, now(), now()),
(10011, 1002, '关于[压水堆]，下列说法正确的是？', 'single', 'A', '压水堆通过高压水把堆芯热量带到蒸汽发生器。', 1, 1, now(), now()),
(10012, 1002, '关于[沸水堆]，下列说法正确的是？', 'single', 'A', '沸水堆中堆芯产生的蒸汽可以直接推动汽轮机。', 2, 1, now(), now()),
(10013, 1002, '关于[控制棒]，下列说法正确的是？', 'single', 'A', '控制棒能吸收中子，用于调节或停止链式反应。', 3, 1, now(), now()),
(10014, 1002, '关于[安全壳]，下列说法正确的是？', 'single', 'A', '安全壳是防止放射性物质外泄的重要工程屏障。', 4, 1, now(), now()),
(10015, 1002, '关于[应急堆芯冷却]，下列说法正确的是？', 'single', 'A', '应急堆芯冷却系统用于事故时带走堆芯余热。', 5, 1, now(), now()),
(10016, 1002, '关于[纵深防御]，下列说法正确的是？', 'single', 'A', '纵深防御强调用多层措施预防和缓解核事故。', 6, 1, now(), now()),
(10017, 1002, '关于[核岛]，下列说法正确的是？', 'single', 'A', '核岛主要包括反应堆及与核安全相关的重要系统。', 7, 1, now(), now()),
(10018, 1002, '关于[常规岛]，下列说法正确的是？', 'single', 'A', '常规岛负责把蒸汽热能转换为机械能和电能。', 8, 1, now(), now()),
(10019, 1002, '关于[乏燃料池]，下列说法正确的是？', 'single', 'A', '乏燃料池用于冷却和屏蔽刚卸出的乏燃料。', 9, 1, now(), now()),
(10020, 1002, '关于[环境监测]，下列说法正确的是？', 'single', 'A', '核电站运行期间需要持续开展环境辐射监测。', 10, 1, now(), now()),
(10021, 1003, '关于[核医学显像]，下列说法正确的是？', 'single', 'A', '核医学显像利用示踪剂在体内分布形成诊断图像。', 1, 1, now(), now()),
(10022, 1003, '关于[放射治疗]，下列说法正确的是？', 'single', 'A', '放射治疗利用辐射杀伤肿瘤细胞，同时保护正常组织。', 2, 1, now(), now()),
(10023, 1003, '关于[工业探伤]，下列说法正确的是？', 'single', 'A', '工业射线探伤能在不破坏工件的情况下发现内部缺陷。', 3, 1, now(), now()),
(10024, 1003, '关于[食品辐照]，下列说法正确的是？', 'single', 'A', '食品辐照可杀菌、杀虫并延长保存时间。', 4, 1, now(), now()),
(10025, 1003, '关于[同位素示踪]，下列说法正确的是？', 'single', 'A', '同位素示踪可用于研究物质迁移和代谢过程。', 5, 1, now(), now()),
(10026, 1003, '关于[烟雾报警器]，下列说法正确的是？', 'single', 'A', '部分烟雾报警器使用微量放射源探测烟雾颗粒。', 6, 1, now(), now()),
(10027, 1003, '关于[核电供热]，下列说法正确的是？', 'single', 'A', '核能可通过热电联供等方式参与城市供热。', 7, 1, now(), now()),
(10028, 1003, '关于[辐照育种]，下列说法正确的是？', 'single', 'A', '辐照育种通过诱发变异筛选优良品种。', 8, 1, now(), now()),
(10029, 1003, '关于[放射源管理]，下列说法正确的是？', 'single', 'A', '放射源需要登记、屏蔽、储存和全生命周期管理。', 9, 1, now(), now()),
(10030, 1003, '关于[核技术利用许可]，下列说法正确的是？', 'single', 'A', '涉放射源或射线装置的活动通常需要依法许可。', 10, 1, now(), now()),
(10031, 1004, '关于[时间防护]，下列说法正确的是？', 'single', 'A', '减少在辐射场中的停留时间可以降低受照剂量。', 1, 1, now(), now()),
(10032, 1004, '关于[距离防护]，下列说法正确的是？', 'single', 'A', '远离点状辐射源通常能明显降低剂量率。', 2, 1, now(), now()),
(10033, 1004, '关于[屏蔽防护]，下列说法正确的是？', 'single', 'A', '根据射线类型选择合适屏蔽材料是重要防护方法。', 3, 1, now(), now()),
(10034, 1004, '关于[个人剂量计]，下列说法正确的是？', 'single', 'A', '个人剂量计用于记录工作人员累计受照剂量。', 4, 1, now(), now()),
(10035, 1004, '关于[控制区]，下列说法正确的是？', 'single', 'A', '控制区是需要专门防护措施和进入管理的区域。', 5, 1, now(), now()),
(10036, 1004, '关于[监督区]，下列说法正确的是？', 'single', 'A', '监督区通常需要监测，但管控强度低于控制区。', 6, 1, now(), now()),
(10037, 1004, '关于[铅屏蔽]，下列说法正确的是？', 'single', 'A', '铅常用于屏蔽X射线和γ射线。', 7, 1, now(), now()),
(10038, 1004, '关于[水屏蔽]，下列说法正确的是？', 'single', 'A', '水既能冷却也能对部分辐射起屏蔽作用。', 8, 1, now(), now()),
(10039, 1004, '关于[ALARA原则]，下列说法正确的是？', 'single', 'A', 'ALARA要求在合理可行范围内尽量降低辐射剂量。', 9, 1, now(), now()),
(10040, 1004, '关于[污染监测]，下列说法正确的是？', 'single', 'A', '离开放射性污染区域前应进行表面污染监测。', 10, 1, now(), now()),
(10041, 1005, '关于[铀矿开采]，下列说法正确的是？', 'single', 'A', '铀矿开采是核燃料循环前端的重要环节。', 1, 1, now(), now()),
(10042, 1005, '关于[铀浓缩]，下列说法正确的是？', 'single', 'A', '铀浓缩用于提高铀-235在核燃料中的比例。', 2, 1, now(), now()),
(10043, 1005, '关于[燃料组件]，下列说法正确的是？', 'single', 'A', '燃料组件由许多燃料棒按结构要求组装而成。', 3, 1, now(), now()),
(10044, 1005, '关于[燃耗]，下列说法正确的是？', 'single', 'A', '燃耗反映核燃料在堆内释放能量的程度。', 4, 1, now(), now()),
(10045, 1005, '关于[换料]，下列说法正确的是？', 'single', 'A', '核电站会按计划更换部分已使用燃料。', 5, 1, now(), now()),
(10046, 1005, '关于[乏燃料]，下列说法正确的是？', 'single', 'A', '乏燃料仍有放射性和余热，需要冷却与屏蔽。', 6, 1, now(), now()),
(10047, 1005, '关于[后处理]，下列说法正确的是？', 'single', 'A', '后处理可回收乏燃料中的部分有用核材料。', 7, 1, now(), now()),
(10048, 1005, '关于[高放废物]，下列说法正确的是？', 'single', 'A', '高放废物需要长期隔离和安全处置。', 8, 1, now(), now()),
(10049, 1005, '关于[地质处置]，下列说法正确的是？', 'single', 'A', '深地质处置是高放废物长期管理的重要方案。', 9, 1, now(), now()),
(10050, 1005, '关于[核材料衡算]，下列说法正确的是？', 'single', 'A', '核材料衡算用于防止核材料丢失或非法转移。', 10, 1, now(), now()),
(10051, 1006, '关于[INES分级]，下列说法正确的是？', 'single', 'A', 'INES用于描述核与辐射事件的安全重要性。', 1, 1, now(), now()),
(10052, 1006, '关于[应急计划区]，下列说法正确的是？', 'single', 'A', '核设施周边会根据风险设置应急计划区域。', 2, 1, now(), now()),
(10053, 1006, '关于[隐蔽防护]，下列说法正确的是？', 'single', 'A', '事故早期公众可按指令进入室内隐蔽减少受照。', 3, 1, now(), now()),
(10054, 1006, '关于[碘片服用]，下列说法正确的是？', 'single', 'A', '稳定碘片只能在官方指令下用于特定放射性碘风险。', 4, 1, now(), now()),
(10055, 1006, '关于[撤离]，下列说法正确的是？', 'single', 'A', '撤离是降低公众受照的重要应急防护行动。', 5, 1, now(), now()),
(10056, 1006, '关于[去污]，下列说法正确的是？', 'single', 'A', '去污用于减少人员、物品或环境表面的放射性污染。', 6, 1, now(), now()),
(10057, 1006, '关于[信息发布]，下列说法正确的是？', 'single', 'A', '核应急中及时、准确的信息发布能减少恐慌。', 7, 1, now(), now()),
(10058, 1006, '关于[源项]，下列说法正确的是？', 'single', 'A', '源项描述事故中可能释放的放射性物质种类和数量。', 8, 1, now(), now()),
(10059, 1006, '关于[剂量评估]，下列说法正确的是？', 'single', 'A', '剂量评估用于判断防护行动是否必要。', 9, 1, now(), now()),
(10060, 1006, '关于[应急演练]，下列说法正确的是？', 'single', 'A', '定期应急演练能检验预案和协同能力。', 10, 1, now(), now()),
(10061, 1007, '关于[链式反应]，下列说法正确的是？', 'single', 'A', '链式反应依靠裂变产生的中子继续引发新的裂变。', 1, 1, now(), now()),
(10062, 1007, '关于[临界状态]，下列说法正确的是？', 'single', 'A', '临界状态表示反应堆功率在理想情况下保持稳定。', 2, 1, now(), now()),
(10063, 1007, '关于[次临界]，下列说法正确的是？', 'single', 'A', '次临界状态下中子数量总体会逐代减少。', 3, 1, now(), now()),
(10064, 1007, '关于[超临界]，下列说法正确的是？', 'single', 'A', '超临界状态下反应堆功率有上升趋势。', 4, 1, now(), now()),
(10065, 1007, '关于[慢化剂]，下列说法正确的是？', 'single', 'A', '慢化剂能降低中子能量，提高某些核素裂变概率。', 5, 1, now(), now()),
(10066, 1007, '关于[反射层]，下列说法正确的是？', 'single', 'A', '反射层可把部分逃逸中子反射回堆芯。', 6, 1, now(), now()),
(10067, 1007, '关于[反应性]，下列说法正确的是？', 'single', 'A', '反应性反映反应堆偏离临界状态的程度。', 7, 1, now(), now()),
(10068, 1007, '关于[中子毒物]，下列说法正确的是？', 'single', 'A', '中子毒物会吸收中子并影响反应堆反应性。', 8, 1, now(), now()),
(10069, 1007, '关于[裂变产物]，下列说法正确的是？', 'single', 'A', '裂变产物是重核裂变后生成的较轻核素。', 9, 1, now(), now()),
(10070, 1007, '关于[余热]，下列说法正确的是？', 'single', 'A', '停堆后裂变产物衰变仍会产生余热。', 10, 1, now(), now()),
(10071, 1008, '关于[反应堆压力容器]，下列说法正确的是？', 'single', 'A', '反应堆压力容器承载堆芯和高压冷却剂。', 1, 1, now(), now()),
(10072, 1008, '关于[蒸汽发生器]，下列说法正确的是？', 'single', 'A', '蒸汽发生器把一回路热量传递给二回路产生蒸汽。', 2, 1, now(), now()),
(10073, 1008, '关于[主泵]，下列说法正确的是？', 'single', 'A', '主泵推动一回路冷却剂循环流动。', 3, 1, now(), now()),
(10074, 1008, '关于[稳压器]，下列说法正确的是？', 'single', 'A', '稳压器用于调节压水堆一回路压力。', 4, 1, now(), now()),
(10075, 1008, '关于[汽轮机]，下列说法正确的是？', 'single', 'A', '汽轮机把蒸汽热能转换为机械旋转能。', 5, 1, now(), now()),
(10076, 1008, '关于[发电机]，下列说法正确的是？', 'single', 'A', '发电机把机械能转换为电能。', 6, 1, now(), now()),
(10077, 1008, '关于[冷凝器]，下列说法正确的是？', 'single', 'A', '冷凝器把汽轮机排汽冷凝成水。', 7, 1, now(), now()),
(10078, 1008, '关于[安全注入系统]，下列说法正确的是？', 'single', 'A', '安全注入系统可在事故时向堆芯补水。', 8, 1, now(), now()),
(10079, 1008, '关于[柴油发电机]，下列说法正确的是？', 'single', 'A', '应急柴油发电机用于失去外电时供电。', 9, 1, now(), now()),
(10080, 1008, '关于[仪控系统]，下列说法正确的是？', 'single', 'A', '仪控系统负责监测、控制和保护核电机组。', 10, 1, now(), now()),
(10081, 1009, '关于[环境本底调查]，下列说法正确的是？', 'single', 'A', '环境本底调查用于掌握设施运行前的辐射水平。', 1, 1, now(), now()),
(10082, 1009, '关于[气溶胶监测]，下列说法正确的是？', 'single', 'A', '气溶胶监测可评估空气中颗粒态放射性物质。', 2, 1, now(), now()),
(10083, 1009, '关于[水样监测]，下列说法正确的是？', 'single', 'A', '水样监测用于掌握水体中放射性核素情况。', 3, 1, now(), now()),
(10084, 1009, '关于[食物链监测]，下列说法正确的是？', 'single', 'A', '食物链监测关注放射性物质进入农产品和食品的路径。', 4, 1, now(), now()),
(10085, 1009, '关于[公众剂量]，下列说法正确的是？', 'single', 'A', '公众剂量评价用于判断设施运行对公众影响。', 5, 1, now(), now()),
(10086, 1009, '关于[风险沟通]，下列说法正确的是？', 'single', 'A', '风险沟通需要清楚说明风险、证据和不确定性。', 6, 1, now(), now()),
(10087, 1009, '关于[谣言澄清]，下列说法正确的是？', 'single', 'A', '谣言澄清应基于公开数据和权威解释。', 7, 1, now(), now()),
(10088, 1009, '关于[公众参与]，下列说法正确的是？', 'single', 'A', '公众参与有助于提升核项目决策透明度。', 8, 1, now(), now()),
(10089, 1009, '关于[监测数据公开]，下列说法正确的是？', 'single', 'A', '监测数据公开能增强公众信任。', 9, 1, now(), now()),
(10090, 1009, '关于[科普教育]，下列说法正确的是？', 'single', 'A', '持续科普教育能帮助公众理性认识核能。', 10, 1, now(), now()),
(10091, 1010, '关于[核裂变能量来源]，下列说法正确的是？', 'single', 'A', '核裂变释放能量来自原子核结合能变化。', 1, 1, now(), now()),
(10092, 1010, '关于[核聚变研发]，下列说法正确的是？', 'single', 'A', '核聚变发电仍面临等离子体约束和工程材料挑战。', 2, 1, now(), now()),
(10093, 1010, '关于[小型模块化反应堆]，下列说法正确的是？', 'single', 'A', '小型模块化反应堆强调模块化制造和灵活部署。', 3, 1, now(), now()),
(10094, 1010, '关于[第四代反应堆]，下列说法正确的是？', 'single', 'A', '第四代反应堆追求更高安全性、经济性和资源利用率。', 4, 1, now(), now()),
(10095, 1010, '关于[核安保]，下列说法正确的是？', 'single', 'A', '核安保关注防范核材料和核设施遭受恶意行为。', 5, 1, now(), now()),
(10096, 1010, '关于[核保障]，下列说法正确的是？', 'single', 'A', '核保障用于确认核材料不被转用于核武器目的。', 6, 1, now(), now()),
(10097, 1010, '关于[安全文化]，下列说法正确的是？', 'single', 'A', '安全文化强调组织和个人把安全放在优先位置。', 7, 1, now(), now()),
(10098, 1010, '关于[经验反馈]，下列说法正确的是？', 'single', 'A', '经验反馈能把事件教训转化为改进措施。', 8, 1, now(), now()),
(10099, 1010, '关于[概率安全分析]，下列说法正确的是？', 'single', 'A', '概率安全分析用于系统评估事故序列和风险贡献。', 9, 1, now(), now()),
(10100, 1010, '关于[生命周期管理]，下列说法正确的是？', 'single', 'A', '核设施生命周期管理覆盖设计、建造、运行和退役。', 10, 1, now(), now())
on duplicate key update quiz_id = values(quiz_id), title = values(title), question_type = values(question_type), answer = values(answer), explanation = values(explanation), sort = values(sort), status = values(status), update_time = now();

insert into quiz_option(id, question_id, option_key, option_text, sort, create_time, update_time) values
(100001, 10001, 'A', 'α射线由氦原子核组成，穿透力较弱但电离能力较强。', 1, now(), now()),
(100002, 10001, 'B', '它与辐射基础没有实际关系。', 2, now(), now()),
(100003, 10001, 'C', '它表示任何情况下都完全没有风险。', 3, now(), now()),
(100004, 10001, 'D', '它只存在于科幻作品中，现实中没有应用。', 4, now(), now()),
(100005, 10002, 'A', 'β射线本质上是高速电子或正电子，穿透力强于α射线。', 1, now(), now()),
(100006, 10002, 'B', '它与辐射基础没有实际关系。', 2, now(), now()),
(100007, 10002, 'C', '它表示任何情况下都完全没有风险。', 3, now(), now()),
(100008, 10002, 'D', '它只存在于科幻作品中，现实中没有应用。', 4, now(), now()),
(100009, 10003, 'A', 'γ射线是高能电磁波，通常需要铅、混凝土等材料屏蔽。', 1, now(), now()),
(100010, 10003, 'B', '它与辐射基础没有实际关系。', 2, now(), now()),
(100011, 10003, 'C', '它表示任何情况下都完全没有风险。', 3, now(), now()),
(100012, 10003, 'D', '它只存在于科幻作品中，现实中没有应用。', 4, now(), now()),
(100013, 10004, 'A', '中子不带电，穿透能力较强，常用含氢材料慢化。', 1, now(), now()),
(100014, 10004, 'B', '它与辐射基础没有实际关系。', 2, now(), now()),
(100015, 10004, 'C', '它表示任何情况下都完全没有风险。', 3, now(), now()),
(100016, 10004, 'D', '它只存在于科幻作品中，现实中没有应用。', 4, now(), now()),
(100017, 10005, 'A', '电离辐射能使物质原子或分子发生电离。', 1, now(), now()),
(100018, 10005, 'B', '它与辐射基础没有实际关系。', 2, now(), now()),
(100019, 10005, 'C', '它表示任何情况下都完全没有风险。', 3, now(), now()),
(100020, 10005, 'D', '它只存在于科幻作品中，现实中没有应用。', 4, now(), now()),
(100021, 10006, 'A', '可见光和无线电波通常属于非电离辐射。', 1, now(), now()),
(100022, 10006, 'B', '它与辐射基础没有实际关系。', 2, now(), now()),
(100023, 10006, 'C', '它表示任何情况下都完全没有风险。', 3, now(), now()),
(100024, 10006, 'D', '它只存在于科幻作品中，现实中没有应用。', 4, now(), now()),
(100025, 10007, 'A', '贝可勒尔用于表示放射性活度，即单位时间衰变次数。', 1, now(), now()),
(100026, 10007, 'B', '它与辐射基础没有实际关系。', 2, now(), now()),
(100027, 10007, 'C', '它表示任何情况下都完全没有风险。', 3, now(), now()),
(100028, 10007, 'D', '它只存在于科幻作品中，现实中没有应用。', 4, now(), now()),
(100029, 10008, 'A', '希沃特用于描述辐射对人体造成的生物效应。', 1, now(), now()),
(100030, 10008, 'B', '它与辐射基础没有实际关系。', 2, now(), now()),
(100031, 10008, 'C', '它表示任何情况下都完全没有风险。', 3, now(), now()),
(100032, 10008, 'D', '它只存在于科幻作品中，现实中没有应用。', 4, now(), now()),
(100033, 10009, 'A', '天然本底辐射来自宇宙射线、土壤和人体内部核素等。', 1, now(), now()),
(100034, 10009, 'B', '它与辐射基础没有实际关系。', 2, now(), now()),
(100035, 10009, 'C', '它表示任何情况下都完全没有风险。', 3, now(), now()),
(100036, 10009, 'D', '它只存在于科幻作品中，现实中没有应用。', 4, now(), now()),
(100037, 10010, 'A', '半衰期是放射性核素数量衰减到原来一半所需的时间。', 1, now(), now()),
(100038, 10010, 'B', '它与辐射基础没有实际关系。', 2, now(), now()),
(100039, 10010, 'C', '它表示任何情况下都完全没有风险。', 3, now(), now()),
(100040, 10010, 'D', '它只存在于科幻作品中，现实中没有应用。', 4, now(), now()),
(100041, 10011, 'A', '压水堆通过高压水把堆芯热量带到蒸汽发生器。', 1, now(), now()),
(100042, 10011, 'B', '它与核电安全没有实际关系。', 2, now(), now()),
(100043, 10011, 'C', '它表示任何情况下都完全没有风险。', 3, now(), now()),
(100044, 10011, 'D', '它只存在于科幻作品中，现实中没有应用。', 4, now(), now()),
(100045, 10012, 'A', '沸水堆中堆芯产生的蒸汽可以直接推动汽轮机。', 1, now(), now()),
(100046, 10012, 'B', '它与核电安全没有实际关系。', 2, now(), now()),
(100047, 10012, 'C', '它表示任何情况下都完全没有风险。', 3, now(), now()),
(100048, 10012, 'D', '它只存在于科幻作品中，现实中没有应用。', 4, now(), now()),
(100049, 10013, 'A', '控制棒能吸收中子，用于调节或停止链式反应。', 1, now(), now()),
(100050, 10013, 'B', '它与核电安全没有实际关系。', 2, now(), now()),
(100051, 10013, 'C', '它表示任何情况下都完全没有风险。', 3, now(), now()),
(100052, 10013, 'D', '它只存在于科幻作品中，现实中没有应用。', 4, now(), now()),
(100053, 10014, 'A', '安全壳是防止放射性物质外泄的重要工程屏障。', 1, now(), now()),
(100054, 10014, 'B', '它与核电安全没有实际关系。', 2, now(), now()),
(100055, 10014, 'C', '它表示任何情况下都完全没有风险。', 3, now(), now()),
(100056, 10014, 'D', '它只存在于科幻作品中，现实中没有应用。', 4, now(), now()),
(100057, 10015, 'A', '应急堆芯冷却系统用于事故时带走堆芯余热。', 1, now(), now()),
(100058, 10015, 'B', '它与核电安全没有实际关系。', 2, now(), now()),
(100059, 10015, 'C', '它表示任何情况下都完全没有风险。', 3, now(), now()),
(100060, 10015, 'D', '它只存在于科幻作品中，现实中没有应用。', 4, now(), now()),
(100061, 10016, 'A', '纵深防御强调用多层措施预防和缓解核事故。', 1, now(), now()),
(100062, 10016, 'B', '它与核电安全没有实际关系。', 2, now(), now()),
(100063, 10016, 'C', '它表示任何情况下都完全没有风险。', 3, now(), now()),
(100064, 10016, 'D', '它只存在于科幻作品中，现实中没有应用。', 4, now(), now()),
(100065, 10017, 'A', '核岛主要包括反应堆及与核安全相关的重要系统。', 1, now(), now()),
(100066, 10017, 'B', '它与核电安全没有实际关系。', 2, now(), now()),
(100067, 10017, 'C', '它表示任何情况下都完全没有风险。', 3, now(), now()),
(100068, 10017, 'D', '它只存在于科幻作品中，现实中没有应用。', 4, now(), now()),
(100069, 10018, 'A', '常规岛负责把蒸汽热能转换为机械能和电能。', 1, now(), now()),
(100070, 10018, 'B', '它与核电安全没有实际关系。', 2, now(), now()),
(100071, 10018, 'C', '它表示任何情况下都完全没有风险。', 3, now(), now()),
(100072, 10018, 'D', '它只存在于科幻作品中，现实中没有应用。', 4, now(), now()),
(100073, 10019, 'A', '乏燃料池用于冷却和屏蔽刚卸出的乏燃料。', 1, now(), now()),
(100074, 10019, 'B', '它与核电安全没有实际关系。', 2, now(), now()),
(100075, 10019, 'C', '它表示任何情况下都完全没有风险。', 3, now(), now()),
(100076, 10019, 'D', '它只存在于科幻作品中，现实中没有应用。', 4, now(), now()),
(100077, 10020, 'A', '核电站运行期间需要持续开展环境辐射监测。', 1, now(), now()),
(100078, 10020, 'B', '它与核电安全没有实际关系。', 2, now(), now()),
(100079, 10020, 'C', '它表示任何情况下都完全没有风险。', 3, now(), now()),
(100080, 10020, 'D', '它只存在于科幻作品中，现实中没有应用。', 4, now(), now()),
(100081, 10021, 'A', '核医学显像利用示踪剂在体内分布形成诊断图像。', 1, now(), now()),
(100082, 10021, 'B', '它与核技术应用没有实际关系。', 2, now(), now()),
(100083, 10021, 'C', '它表示任何情况下都完全没有风险。', 3, now(), now()),
(100084, 10021, 'D', '它只存在于科幻作品中，现实中没有应用。', 4, now(), now()),
(100085, 10022, 'A', '放射治疗利用辐射杀伤肿瘤细胞，同时保护正常组织。', 1, now(), now()),
(100086, 10022, 'B', '它与核技术应用没有实际关系。', 2, now(), now()),
(100087, 10022, 'C', '它表示任何情况下都完全没有风险。', 3, now(), now()),
(100088, 10022, 'D', '它只存在于科幻作品中，现实中没有应用。', 4, now(), now()),
(100089, 10023, 'A', '工业射线探伤能在不破坏工件的情况下发现内部缺陷。', 1, now(), now()),
(100090, 10023, 'B', '它与核技术应用没有实际关系。', 2, now(), now()),
(100091, 10023, 'C', '它表示任何情况下都完全没有风险。', 3, now(), now()),
(100092, 10023, 'D', '它只存在于科幻作品中，现实中没有应用。', 4, now(), now()),
(100093, 10024, 'A', '食品辐照可杀菌、杀虫并延长保存时间。', 1, now(), now()),
(100094, 10024, 'B', '它与核技术应用没有实际关系。', 2, now(), now()),
(100095, 10024, 'C', '它表示任何情况下都完全没有风险。', 3, now(), now()),
(100096, 10024, 'D', '它只存在于科幻作品中，现实中没有应用。', 4, now(), now()),
(100097, 10025, 'A', '同位素示踪可用于研究物质迁移和代谢过程。', 1, now(), now()),
(100098, 10025, 'B', '它与核技术应用没有实际关系。', 2, now(), now()),
(100099, 10025, 'C', '它表示任何情况下都完全没有风险。', 3, now(), now()),
(100100, 10025, 'D', '它只存在于科幻作品中，现实中没有应用。', 4, now(), now()),
(100101, 10026, 'A', '部分烟雾报警器使用微量放射源探测烟雾颗粒。', 1, now(), now()),
(100102, 10026, 'B', '它与核技术应用没有实际关系。', 2, now(), now()),
(100103, 10026, 'C', '它表示任何情况下都完全没有风险。', 3, now(), now()),
(100104, 10026, 'D', '它只存在于科幻作品中，现实中没有应用。', 4, now(), now()),
(100105, 10027, 'A', '核能可通过热电联供等方式参与城市供热。', 1, now(), now()),
(100106, 10027, 'B', '它与核技术应用没有实际关系。', 2, now(), now()),
(100107, 10027, 'C', '它表示任何情况下都完全没有风险。', 3, now(), now()),
(100108, 10027, 'D', '它只存在于科幻作品中，现实中没有应用。', 4, now(), now()),
(100109, 10028, 'A', '辐照育种通过诱发变异筛选优良品种。', 1, now(), now()),
(100110, 10028, 'B', '它与核技术应用没有实际关系。', 2, now(), now()),
(100111, 10028, 'C', '它表示任何情况下都完全没有风险。', 3, now(), now()),
(100112, 10028, 'D', '它只存在于科幻作品中，现实中没有应用。', 4, now(), now()),
(100113, 10029, 'A', '放射源需要登记、屏蔽、储存和全生命周期管理。', 1, now(), now()),
(100114, 10029, 'B', '它与核技术应用没有实际关系。', 2, now(), now()),
(100115, 10029, 'C', '它表示任何情况下都完全没有风险。', 3, now(), now()),
(100116, 10029, 'D', '它只存在于科幻作品中，现实中没有应用。', 4, now(), now()),
(100117, 10030, 'A', '涉放射源或射线装置的活动通常需要依法许可。', 1, now(), now()),
(100118, 10030, 'B', '它与核技术应用没有实际关系。', 2, now(), now()),
(100119, 10030, 'C', '它表示任何情况下都完全没有风险。', 3, now(), now()),
(100120, 10030, 'D', '它只存在于科幻作品中，现实中没有应用。', 4, now(), now()),
(100121, 10031, 'A', '减少在辐射场中的停留时间可以降低受照剂量。', 1, now(), now()),
(100122, 10031, 'B', '它与辐射防护没有实际关系。', 2, now(), now()),
(100123, 10031, 'C', '它表示任何情况下都完全没有风险。', 3, now(), now()),
(100124, 10031, 'D', '它只存在于科幻作品中，现实中没有应用。', 4, now(), now()),
(100125, 10032, 'A', '远离点状辐射源通常能明显降低剂量率。', 1, now(), now()),
(100126, 10032, 'B', '它与辐射防护没有实际关系。', 2, now(), now()),
(100127, 10032, 'C', '它表示任何情况下都完全没有风险。', 3, now(), now()),
(100128, 10032, 'D', '它只存在于科幻作品中，现实中没有应用。', 4, now(), now()),
(100129, 10033, 'A', '根据射线类型选择合适屏蔽材料是重要防护方法。', 1, now(), now()),
(100130, 10033, 'B', '它与辐射防护没有实际关系。', 2, now(), now()),
(100131, 10033, 'C', '它表示任何情况下都完全没有风险。', 3, now(), now()),
(100132, 10033, 'D', '它只存在于科幻作品中，现实中没有应用。', 4, now(), now()),
(100133, 10034, 'A', '个人剂量计用于记录工作人员累计受照剂量。', 1, now(), now()),
(100134, 10034, 'B', '它与辐射防护没有实际关系。', 2, now(), now()),
(100135, 10034, 'C', '它表示任何情况下都完全没有风险。', 3, now(), now()),
(100136, 10034, 'D', '它只存在于科幻作品中，现实中没有应用。', 4, now(), now()),
(100137, 10035, 'A', '控制区是需要专门防护措施和进入管理的区域。', 1, now(), now()),
(100138, 10035, 'B', '它与辐射防护没有实际关系。', 2, now(), now()),
(100139, 10035, 'C', '它表示任何情况下都完全没有风险。', 3, now(), now()),
(100140, 10035, 'D', '它只存在于科幻作品中，现实中没有应用。', 4, now(), now()),
(100141, 10036, 'A', '监督区通常需要监测，但管控强度低于控制区。', 1, now(), now()),
(100142, 10036, 'B', '它与辐射防护没有实际关系。', 2, now(), now()),
(100143, 10036, 'C', '它表示任何情况下都完全没有风险。', 3, now(), now()),
(100144, 10036, 'D', '它只存在于科幻作品中，现实中没有应用。', 4, now(), now()),
(100145, 10037, 'A', '铅常用于屏蔽X射线和γ射线。', 1, now(), now()),
(100146, 10037, 'B', '它与辐射防护没有实际关系。', 2, now(), now()),
(100147, 10037, 'C', '它表示任何情况下都完全没有风险。', 3, now(), now()),
(100148, 10037, 'D', '它只存在于科幻作品中，现实中没有应用。', 4, now(), now()),
(100149, 10038, 'A', '水既能冷却也能对部分辐射起屏蔽作用。', 1, now(), now()),
(100150, 10038, 'B', '它与辐射防护没有实际关系。', 2, now(), now()),
(100151, 10038, 'C', '它表示任何情况下都完全没有风险。', 3, now(), now()),
(100152, 10038, 'D', '它只存在于科幻作品中，现实中没有应用。', 4, now(), now()),
(100153, 10039, 'A', 'ALARA要求在合理可行范围内尽量降低辐射剂量。', 1, now(), now()),
(100154, 10039, 'B', '它与辐射防护没有实际关系。', 2, now(), now()),
(100155, 10039, 'C', '它表示任何情况下都完全没有风险。', 3, now(), now()),
(100156, 10039, 'D', '它只存在于科幻作品中，现实中没有应用。', 4, now(), now()),
(100157, 10040, 'A', '离开放射性污染区域前应进行表面污染监测。', 1, now(), now()),
(100158, 10040, 'B', '它与辐射防护没有实际关系。', 2, now(), now()),
(100159, 10040, 'C', '它表示任何情况下都完全没有风险。', 3, now(), now()),
(100160, 10040, 'D', '它只存在于科幻作品中，现实中没有应用。', 4, now(), now()),
(100161, 10041, 'A', '铀矿开采是核燃料循环前端的重要环节。', 1, now(), now()),
(100162, 10041, 'B', '它与核燃料循环没有实际关系。', 2, now(), now()),
(100163, 10041, 'C', '它表示任何情况下都完全没有风险。', 3, now(), now()),
(100164, 10041, 'D', '它只存在于科幻作品中，现实中没有应用。', 4, now(), now()),
(100165, 10042, 'A', '铀浓缩用于提高铀-235在核燃料中的比例。', 1, now(), now()),
(100166, 10042, 'B', '它与核燃料循环没有实际关系。', 2, now(), now()),
(100167, 10042, 'C', '它表示任何情况下都完全没有风险。', 3, now(), now()),
(100168, 10042, 'D', '它只存在于科幻作品中，现实中没有应用。', 4, now(), now()),
(100169, 10043, 'A', '燃料组件由许多燃料棒按结构要求组装而成。', 1, now(), now()),
(100170, 10043, 'B', '它与核燃料循环没有实际关系。', 2, now(), now()),
(100171, 10043, 'C', '它表示任何情况下都完全没有风险。', 3, now(), now()),
(100172, 10043, 'D', '它只存在于科幻作品中，现实中没有应用。', 4, now(), now()),
(100173, 10044, 'A', '燃耗反映核燃料在堆内释放能量的程度。', 1, now(), now()),
(100174, 10044, 'B', '它与核燃料循环没有实际关系。', 2, now(), now()),
(100175, 10044, 'C', '它表示任何情况下都完全没有风险。', 3, now(), now()),
(100176, 10044, 'D', '它只存在于科幻作品中，现实中没有应用。', 4, now(), now()),
(100177, 10045, 'A', '核电站会按计划更换部分已使用燃料。', 1, now(), now()),
(100178, 10045, 'B', '它与核燃料循环没有实际关系。', 2, now(), now()),
(100179, 10045, 'C', '它表示任何情况下都完全没有风险。', 3, now(), now()),
(100180, 10045, 'D', '它只存在于科幻作品中，现实中没有应用。', 4, now(), now()),
(100181, 10046, 'A', '乏燃料仍有放射性和余热，需要冷却与屏蔽。', 1, now(), now()),
(100182, 10046, 'B', '它与核燃料循环没有实际关系。', 2, now(), now()),
(100183, 10046, 'C', '它表示任何情况下都完全没有风险。', 3, now(), now()),
(100184, 10046, 'D', '它只存在于科幻作品中，现实中没有应用。', 4, now(), now()),
(100185, 10047, 'A', '后处理可回收乏燃料中的部分有用核材料。', 1, now(), now()),
(100186, 10047, 'B', '它与核燃料循环没有实际关系。', 2, now(), now()),
(100187, 10047, 'C', '它表示任何情况下都完全没有风险。', 3, now(), now()),
(100188, 10047, 'D', '它只存在于科幻作品中，现实中没有应用。', 4, now(), now()),
(100189, 10048, 'A', '高放废物需要长期隔离和安全处置。', 1, now(), now()),
(100190, 10048, 'B', '它与核燃料循环没有实际关系。', 2, now(), now()),
(100191, 10048, 'C', '它表示任何情况下都完全没有风险。', 3, now(), now()),
(100192, 10048, 'D', '它只存在于科幻作品中，现实中没有应用。', 4, now(), now()),
(100193, 10049, 'A', '深地质处置是高放废物长期管理的重要方案。', 1, now(), now()),
(100194, 10049, 'B', '它与核燃料循环没有实际关系。', 2, now(), now()),
(100195, 10049, 'C', '它表示任何情况下都完全没有风险。', 3, now(), now()),
(100196, 10049, 'D', '它只存在于科幻作品中，现实中没有应用。', 4, now(), now()),
(100197, 10050, 'A', '核材料衡算用于防止核材料丢失或非法转移。', 1, now(), now()),
(100198, 10050, 'B', '它与核燃料循环没有实际关系。', 2, now(), now()),
(100199, 10050, 'C', '它表示任何情况下都完全没有风险。', 3, now(), now()),
(100200, 10050, 'D', '它只存在于科幻作品中，现实中没有应用。', 4, now(), now()),
(100201, 10051, 'A', 'INES用于描述核与辐射事件的安全重要性。', 1, now(), now()),
(100202, 10051, 'B', '它与核应急没有实际关系。', 2, now(), now()),
(100203, 10051, 'C', '它表示任何情况下都完全没有风险。', 3, now(), now()),
(100204, 10051, 'D', '它只存在于科幻作品中，现实中没有应用。', 4, now(), now()),
(100205, 10052, 'A', '核设施周边会根据风险设置应急计划区域。', 1, now(), now()),
(100206, 10052, 'B', '它与核应急没有实际关系。', 2, now(), now()),
(100207, 10052, 'C', '它表示任何情况下都完全没有风险。', 3, now(), now()),
(100208, 10052, 'D', '它只存在于科幻作品中，现实中没有应用。', 4, now(), now()),
(100209, 10053, 'A', '事故早期公众可按指令进入室内隐蔽减少受照。', 1, now(), now()),
(100210, 10053, 'B', '它与核应急没有实际关系。', 2, now(), now()),
(100211, 10053, 'C', '它表示任何情况下都完全没有风险。', 3, now(), now()),
(100212, 10053, 'D', '它只存在于科幻作品中，现实中没有应用。', 4, now(), now()),
(100213, 10054, 'A', '稳定碘片只能在官方指令下用于特定放射性碘风险。', 1, now(), now()),
(100214, 10054, 'B', '它与核应急没有实际关系。', 2, now(), now()),
(100215, 10054, 'C', '它表示任何情况下都完全没有风险。', 3, now(), now()),
(100216, 10054, 'D', '它只存在于科幻作品中，现实中没有应用。', 4, now(), now()),
(100217, 10055, 'A', '撤离是降低公众受照的重要应急防护行动。', 1, now(), now()),
(100218, 10055, 'B', '它与核应急没有实际关系。', 2, now(), now()),
(100219, 10055, 'C', '它表示任何情况下都完全没有风险。', 3, now(), now()),
(100220, 10055, 'D', '它只存在于科幻作品中，现实中没有应用。', 4, now(), now()),
(100221, 10056, 'A', '去污用于减少人员、物品或环境表面的放射性污染。', 1, now(), now()),
(100222, 10056, 'B', '它与核应急没有实际关系。', 2, now(), now()),
(100223, 10056, 'C', '它表示任何情况下都完全没有风险。', 3, now(), now()),
(100224, 10056, 'D', '它只存在于科幻作品中，现实中没有应用。', 4, now(), now()),
(100225, 10057, 'A', '核应急中及时、准确的信息发布能减少恐慌。', 1, now(), now()),
(100226, 10057, 'B', '它与核应急没有实际关系。', 2, now(), now()),
(100227, 10057, 'C', '它表示任何情况下都完全没有风险。', 3, now(), now()),
(100228, 10057, 'D', '它只存在于科幻作品中，现实中没有应用。', 4, now(), now()),
(100229, 10058, 'A', '源项描述事故中可能释放的放射性物质种类和数量。', 1, now(), now()),
(100230, 10058, 'B', '它与核应急没有实际关系。', 2, now(), now()),
(100231, 10058, 'C', '它表示任何情况下都完全没有风险。', 3, now(), now()),
(100232, 10058, 'D', '它只存在于科幻作品中，现实中没有应用。', 4, now(), now()),
(100233, 10059, 'A', '剂量评估用于判断防护行动是否必要。', 1, now(), now()),
(100234, 10059, 'B', '它与核应急没有实际关系。', 2, now(), now()),
(100235, 10059, 'C', '它表示任何情况下都完全没有风险。', 3, now(), now()),
(100236, 10059, 'D', '它只存在于科幻作品中，现实中没有应用。', 4, now(), now()),
(100237, 10060, 'A', '定期应急演练能检验预案和协同能力。', 1, now(), now()),
(100238, 10060, 'B', '它与核应急没有实际关系。', 2, now(), now()),
(100239, 10060, 'C', '它表示任何情况下都完全没有风险。', 3, now(), now()),
(100240, 10060, 'D', '它只存在于科幻作品中，现实中没有应用。', 4, now(), now()),
(100241, 10061, 'A', '链式反应依靠裂变产生的中子继续引发新的裂变。', 1, now(), now()),
(100242, 10061, 'B', '它与反应堆物理没有实际关系。', 2, now(), now()),
(100243, 10061, 'C', '它表示任何情况下都完全没有风险。', 3, now(), now()),
(100244, 10061, 'D', '它只存在于科幻作品中，现实中没有应用。', 4, now(), now()),
(100245, 10062, 'A', '临界状态表示反应堆功率在理想情况下保持稳定。', 1, now(), now()),
(100246, 10062, 'B', '它与反应堆物理没有实际关系。', 2, now(), now()),
(100247, 10062, 'C', '它表示任何情况下都完全没有风险。', 3, now(), now()),
(100248, 10062, 'D', '它只存在于科幻作品中，现实中没有应用。', 4, now(), now()),
(100249, 10063, 'A', '次临界状态下中子数量总体会逐代减少。', 1, now(), now()),
(100250, 10063, 'B', '它与反应堆物理没有实际关系。', 2, now(), now()),
(100251, 10063, 'C', '它表示任何情况下都完全没有风险。', 3, now(), now()),
(100252, 10063, 'D', '它只存在于科幻作品中，现实中没有应用。', 4, now(), now()),
(100253, 10064, 'A', '超临界状态下反应堆功率有上升趋势。', 1, now(), now()),
(100254, 10064, 'B', '它与反应堆物理没有实际关系。', 2, now(), now()),
(100255, 10064, 'C', '它表示任何情况下都完全没有风险。', 3, now(), now()),
(100256, 10064, 'D', '它只存在于科幻作品中，现实中没有应用。', 4, now(), now()),
(100257, 10065, 'A', '慢化剂能降低中子能量，提高某些核素裂变概率。', 1, now(), now()),
(100258, 10065, 'B', '它与反应堆物理没有实际关系。', 2, now(), now()),
(100259, 10065, 'C', '它表示任何情况下都完全没有风险。', 3, now(), now()),
(100260, 10065, 'D', '它只存在于科幻作品中，现实中没有应用。', 4, now(), now()),
(100261, 10066, 'A', '反射层可把部分逃逸中子反射回堆芯。', 1, now(), now()),
(100262, 10066, 'B', '它与反应堆物理没有实际关系。', 2, now(), now()),
(100263, 10066, 'C', '它表示任何情况下都完全没有风险。', 3, now(), now()),
(100264, 10066, 'D', '它只存在于科幻作品中，现实中没有应用。', 4, now(), now()),
(100265, 10067, 'A', '反应性反映反应堆偏离临界状态的程度。', 1, now(), now()),
(100266, 10067, 'B', '它与反应堆物理没有实际关系。', 2, now(), now()),
(100267, 10067, 'C', '它表示任何情况下都完全没有风险。', 3, now(), now()),
(100268, 10067, 'D', '它只存在于科幻作品中，现实中没有应用。', 4, now(), now()),
(100269, 10068, 'A', '中子毒物会吸收中子并影响反应堆反应性。', 1, now(), now()),
(100270, 10068, 'B', '它与反应堆物理没有实际关系。', 2, now(), now()),
(100271, 10068, 'C', '它表示任何情况下都完全没有风险。', 3, now(), now()),
(100272, 10068, 'D', '它只存在于科幻作品中，现实中没有应用。', 4, now(), now()),
(100273, 10069, 'A', '裂变产物是重核裂变后生成的较轻核素。', 1, now(), now()),
(100274, 10069, 'B', '它与反应堆物理没有实际关系。', 2, now(), now()),
(100275, 10069, 'C', '它表示任何情况下都完全没有风险。', 3, now(), now()),
(100276, 10069, 'D', '它只存在于科幻作品中，现实中没有应用。', 4, now(), now()),
(100277, 10070, 'A', '停堆后裂变产物衰变仍会产生余热。', 1, now(), now()),
(100278, 10070, 'B', '它与反应堆物理没有实际关系。', 2, now(), now()),
(100279, 10070, 'C', '它表示任何情况下都完全没有风险。', 3, now(), now()),
(100280, 10070, 'D', '它只存在于科幻作品中，现实中没有应用。', 4, now(), now()),
(100281, 10071, 'A', '反应堆压力容器承载堆芯和高压冷却剂。', 1, now(), now()),
(100282, 10071, 'B', '它与核电设备没有实际关系。', 2, now(), now()),
(100283, 10071, 'C', '它表示任何情况下都完全没有风险。', 3, now(), now()),
(100284, 10071, 'D', '它只存在于科幻作品中，现实中没有应用。', 4, now(), now()),
(100285, 10072, 'A', '蒸汽发生器把一回路热量传递给二回路产生蒸汽。', 1, now(), now()),
(100286, 10072, 'B', '它与核电设备没有实际关系。', 2, now(), now()),
(100287, 10072, 'C', '它表示任何情况下都完全没有风险。', 3, now(), now()),
(100288, 10072, 'D', '它只存在于科幻作品中，现实中没有应用。', 4, now(), now()),
(100289, 10073, 'A', '主泵推动一回路冷却剂循环流动。', 1, now(), now()),
(100290, 10073, 'B', '它与核电设备没有实际关系。', 2, now(), now()),
(100291, 10073, 'C', '它表示任何情况下都完全没有风险。', 3, now(), now()),
(100292, 10073, 'D', '它只存在于科幻作品中，现实中没有应用。', 4, now(), now()),
(100293, 10074, 'A', '稳压器用于调节压水堆一回路压力。', 1, now(), now()),
(100294, 10074, 'B', '它与核电设备没有实际关系。', 2, now(), now()),
(100295, 10074, 'C', '它表示任何情况下都完全没有风险。', 3, now(), now()),
(100296, 10074, 'D', '它只存在于科幻作品中，现实中没有应用。', 4, now(), now()),
(100297, 10075, 'A', '汽轮机把蒸汽热能转换为机械旋转能。', 1, now(), now()),
(100298, 10075, 'B', '它与核电设备没有实际关系。', 2, now(), now()),
(100299, 10075, 'C', '它表示任何情况下都完全没有风险。', 3, now(), now()),
(100300, 10075, 'D', '它只存在于科幻作品中，现实中没有应用。', 4, now(), now()),
(100301, 10076, 'A', '发电机把机械能转换为电能。', 1, now(), now()),
(100302, 10076, 'B', '它与核电设备没有实际关系。', 2, now(), now()),
(100303, 10076, 'C', '它表示任何情况下都完全没有风险。', 3, now(), now()),
(100304, 10076, 'D', '它只存在于科幻作品中，现实中没有应用。', 4, now(), now()),
(100305, 10077, 'A', '冷凝器把汽轮机排汽冷凝成水。', 1, now(), now()),
(100306, 10077, 'B', '它与核电设备没有实际关系。', 2, now(), now()),
(100307, 10077, 'C', '它表示任何情况下都完全没有风险。', 3, now(), now()),
(100308, 10077, 'D', '它只存在于科幻作品中，现实中没有应用。', 4, now(), now()),
(100309, 10078, 'A', '安全注入系统可在事故时向堆芯补水。', 1, now(), now()),
(100310, 10078, 'B', '它与核电设备没有实际关系。', 2, now(), now()),
(100311, 10078, 'C', '它表示任何情况下都完全没有风险。', 3, now(), now()),
(100312, 10078, 'D', '它只存在于科幻作品中，现实中没有应用。', 4, now(), now()),
(100313, 10079, 'A', '应急柴油发电机用于失去外电时供电。', 1, now(), now()),
(100314, 10079, 'B', '它与核电设备没有实际关系。', 2, now(), now()),
(100315, 10079, 'C', '它表示任何情况下都完全没有风险。', 3, now(), now()),
(100316, 10079, 'D', '它只存在于科幻作品中，现实中没有应用。', 4, now(), now()),
(100317, 10080, 'A', '仪控系统负责监测、控制和保护核电机组。', 1, now(), now()),
(100318, 10080, 'B', '它与核电设备没有实际关系。', 2, now(), now()),
(100319, 10080, 'C', '它表示任何情况下都完全没有风险。', 3, now(), now()),
(100320, 10080, 'D', '它只存在于科幻作品中，现实中没有应用。', 4, now(), now()),
(100321, 10081, 'A', '环境本底调查用于掌握设施运行前的辐射水平。', 1, now(), now()),
(100322, 10081, 'B', '它与环境沟通没有实际关系。', 2, now(), now()),
(100323, 10081, 'C', '它表示任何情况下都完全没有风险。', 3, now(), now()),
(100324, 10081, 'D', '它只存在于科幻作品中，现实中没有应用。', 4, now(), now()),
(100325, 10082, 'A', '气溶胶监测可评估空气中颗粒态放射性物质。', 1, now(), now()),
(100326, 10082, 'B', '它与环境沟通没有实际关系。', 2, now(), now()),
(100327, 10082, 'C', '它表示任何情况下都完全没有风险。', 3, now(), now()),
(100328, 10082, 'D', '它只存在于科幻作品中，现实中没有应用。', 4, now(), now()),
(100329, 10083, 'A', '水样监测用于掌握水体中放射性核素情况。', 1, now(), now()),
(100330, 10083, 'B', '它与环境沟通没有实际关系。', 2, now(), now()),
(100331, 10083, 'C', '它表示任何情况下都完全没有风险。', 3, now(), now()),
(100332, 10083, 'D', '它只存在于科幻作品中，现实中没有应用。', 4, now(), now()),
(100333, 10084, 'A', '食物链监测关注放射性物质进入农产品和食品的路径。', 1, now(), now()),
(100334, 10084, 'B', '它与环境沟通没有实际关系。', 2, now(), now()),
(100335, 10084, 'C', '它表示任何情况下都完全没有风险。', 3, now(), now()),
(100336, 10084, 'D', '它只存在于科幻作品中，现实中没有应用。', 4, now(), now()),
(100337, 10085, 'A', '公众剂量评价用于判断设施运行对公众影响。', 1, now(), now()),
(100338, 10085, 'B', '它与环境沟通没有实际关系。', 2, now(), now()),
(100339, 10085, 'C', '它表示任何情况下都完全没有风险。', 3, now(), now()),
(100340, 10085, 'D', '它只存在于科幻作品中，现实中没有应用。', 4, now(), now()),
(100341, 10086, 'A', '风险沟通需要清楚说明风险、证据和不确定性。', 1, now(), now()),
(100342, 10086, 'B', '它与环境沟通没有实际关系。', 2, now(), now()),
(100343, 10086, 'C', '它表示任何情况下都完全没有风险。', 3, now(), now()),
(100344, 10086, 'D', '它只存在于科幻作品中，现实中没有应用。', 4, now(), now()),
(100345, 10087, 'A', '谣言澄清应基于公开数据和权威解释。', 1, now(), now()),
(100346, 10087, 'B', '它与环境沟通没有实际关系。', 2, now(), now()),
(100347, 10087, 'C', '它表示任何情况下都完全没有风险。', 3, now(), now()),
(100348, 10087, 'D', '它只存在于科幻作品中，现实中没有应用。', 4, now(), now()),
(100349, 10088, 'A', '公众参与有助于提升核项目决策透明度。', 1, now(), now()),
(100350, 10088, 'B', '它与环境沟通没有实际关系。', 2, now(), now()),
(100351, 10088, 'C', '它表示任何情况下都完全没有风险。', 3, now(), now()),
(100352, 10088, 'D', '它只存在于科幻作品中，现实中没有应用。', 4, now(), now()),
(100353, 10089, 'A', '监测数据公开能增强公众信任。', 1, now(), now()),
(100354, 10089, 'B', '它与环境沟通没有实际关系。', 2, now(), now()),
(100355, 10089, 'C', '它表示任何情况下都完全没有风险。', 3, now(), now()),
(100356, 10089, 'D', '它只存在于科幻作品中，现实中没有应用。', 4, now(), now()),
(100357, 10090, 'A', '持续科普教育能帮助公众理性认识核能。', 1, now(), now()),
(100358, 10090, 'B', '它与环境沟通没有实际关系。', 2, now(), now()),
(100359, 10090, 'C', '它表示任何情况下都完全没有风险。', 3, now(), now()),
(100360, 10090, 'D', '它只存在于科幻作品中，现实中没有应用。', 4, now(), now()),
(100361, 10091, 'A', '核裂变释放能量来自原子核结合能变化。', 1, now(), now()),
(100362, 10091, 'B', '它与综合进阶没有实际关系。', 2, now(), now()),
(100363, 10091, 'C', '它表示任何情况下都完全没有风险。', 3, now(), now()),
(100364, 10091, 'D', '它只存在于科幻作品中，现实中没有应用。', 4, now(), now()),
(100365, 10092, 'A', '核聚变发电仍面临等离子体约束和工程材料挑战。', 1, now(), now()),
(100366, 10092, 'B', '它与综合进阶没有实际关系。', 2, now(), now()),
(100367, 10092, 'C', '它表示任何情况下都完全没有风险。', 3, now(), now()),
(100368, 10092, 'D', '它只存在于科幻作品中，现实中没有应用。', 4, now(), now()),
(100369, 10093, 'A', '小型模块化反应堆强调模块化制造和灵活部署。', 1, now(), now()),
(100370, 10093, 'B', '它与综合进阶没有实际关系。', 2, now(), now()),
(100371, 10093, 'C', '它表示任何情况下都完全没有风险。', 3, now(), now()),
(100372, 10093, 'D', '它只存在于科幻作品中，现实中没有应用。', 4, now(), now()),
(100373, 10094, 'A', '第四代反应堆追求更高安全性、经济性和资源利用率。', 1, now(), now()),
(100374, 10094, 'B', '它与综合进阶没有实际关系。', 2, now(), now()),
(100375, 10094, 'C', '它表示任何情况下都完全没有风险。', 3, now(), now()),
(100376, 10094, 'D', '它只存在于科幻作品中，现实中没有应用。', 4, now(), now()),
(100377, 10095, 'A', '核安保关注防范核材料和核设施遭受恶意行为。', 1, now(), now()),
(100378, 10095, 'B', '它与综合进阶没有实际关系。', 2, now(), now()),
(100379, 10095, 'C', '它表示任何情况下都完全没有风险。', 3, now(), now()),
(100380, 10095, 'D', '它只存在于科幻作品中，现实中没有应用。', 4, now(), now()),
(100381, 10096, 'A', '核保障用于确认核材料不被转用于核武器目的。', 1, now(), now()),
(100382, 10096, 'B', '它与综合进阶没有实际关系。', 2, now(), now()),
(100383, 10096, 'C', '它表示任何情况下都完全没有风险。', 3, now(), now()),
(100384, 10096, 'D', '它只存在于科幻作品中，现实中没有应用。', 4, now(), now()),
(100385, 10097, 'A', '安全文化强调组织和个人把安全放在优先位置。', 1, now(), now()),
(100386, 10097, 'B', '它与综合进阶没有实际关系。', 2, now(), now()),
(100387, 10097, 'C', '它表示任何情况下都完全没有风险。', 3, now(), now()),
(100388, 10097, 'D', '它只存在于科幻作品中，现实中没有应用。', 4, now(), now()),
(100389, 10098, 'A', '经验反馈能把事件教训转化为改进措施。', 1, now(), now()),
(100390, 10098, 'B', '它与综合进阶没有实际关系。', 2, now(), now()),
(100391, 10098, 'C', '它表示任何情况下都完全没有风险。', 3, now(), now()),
(100392, 10098, 'D', '它只存在于科幻作品中，现实中没有应用。', 4, now(), now()),
(100393, 10099, 'A', '概率安全分析用于系统评估事故序列和风险贡献。', 1, now(), now()),
(100394, 10099, 'B', '它与综合进阶没有实际关系。', 2, now(), now()),
(100395, 10099, 'C', '它表示任何情况下都完全没有风险。', 3, now(), now()),
(100396, 10099, 'D', '它只存在于科幻作品中，现实中没有应用。', 4, now(), now()),
(100397, 10100, 'A', '核设施生命周期管理覆盖设计、建造、运行和退役。', 1, now(), now()),
(100398, 10100, 'B', '它与综合进阶没有实际关系。', 2, now(), now()),
(100399, 10100, 'C', '它表示任何情况下都完全没有风险。', 3, now(), now()),
(100400, 10100, 'D', '它只存在于科幻作品中，现实中没有应用。', 4, now(), now())
on duplicate key update option_key = values(option_key), option_text = values(option_text), sort = values(sort), update_time = now();
